source_doi,source_table,source_row,experimental_block,context,count
10.1128/AEM.01237-21,1,S465P,1,LB,0
10.1128/AEM.01237-21,1,S465P,1,SMMAsn,0
10.1128/AEM.01237-21,1,S465P,2,LB,0
10.1128/AEM.01237-21,1,S465P,2,SMMAsn,2
10.1128/AEM.01237-21,1,S465P,3,LB,2
10.1128/AEM.01237-21,1,S465P,3,SMMAsn,0
10.1128/AEM.01237-21,1,Q469K,1,LB,1
10.1128/AEM.01237-21,1,Q469K,1,SMMAsn,2
10.1128/AEM.01237-21,1,Q469K,2,LB,0
10.1128/AEM.01237-21,1,Q469K,2,SMMAsn,0
10.1128/AEM.01237-21,1,Q469K,3,LB,0
10.1128/AEM.01237-21,1,Q469K,3,SMMAsn,0
10.1128/AEM.01237-21,1,Q469R,1,LB,1
10.1128/AEM.01237-21,1,Q469R,1,SMMAsn,2
10.1128/AEM.01237-21,1,Q469R,2,LB,0
10.1128/AEM.01237-21,1,Q469R,2,SMMAsn,1
10.1128/AEM.01237-21,1,Q469R,3,LB,0
10.1128/AEM.01237-21,1,Q469R,3,SMMAsn,0
10.1128/AEM.01237-21,1,Q469L,1,LB,0
10.1128/AEM.01237-21,1,Q469L,1,SMMAsn,0
10.1128/AEM.01237-21,1,Q469L,2,LB,0
10.1128/AEM.01237-21,1,Q469L,2,SMMAsn,0
10.1128/AEM.01237-21,1,Q469L,3,LB,0
10.1128/AEM.01237-21,1,Q469L,3,SMMAsn,1
10.1128/AEM.01237-21,1,D472N,1,LB,0
10.1128/AEM.01237-21,1,D472N,1,SMMAsn,0
10.1128/AEM.01237-21,1,D472N,2,LB,0
10.1128/AEM.01237-21,1,D472N,2,SMMAsn,0
10.1128/AEM.01237-21,1,D472N,3,LB,1
10.1128/AEM.01237-21,1,D472N,3,SMMAsn,0
10.1128/AEM.01237-21,1,D472V,1,LB,0
10.1128/AEM.01237-21,1,D472V,1,SMMAsn,0
10.1128/AEM.01237-21,1,D472V,2,LB,1
10.1128/AEM.01237-21,1,D472V,2,SMMAsn,0
10.1128/AEM.01237-21,1,D472V,3,LB,0
10.1128/AEM.01237-21,1,D472V,3,SMMAsn,0
10.1128/AEM.01237-21,1,A478D,1,LB,0
10.1128/AEM.01237-21,1,A478D,1,SMMAsn,0
10.1128/AEM.01237-21,1,A478D,2,LB,1
10.1128/AEM.01237-21,1,A478D,2,SMMAsn,1
10.1128/AEM.01237-21,1,A478D,3,LB,0
10.1128/AEM.01237-21,1,A478D,3,SMMAsn,0
10.1128/AEM.01237-21,1,A478V,1,LB,0
10.1128/AEM.01237-21,1,A478V,1,SMMAsn,0
10.1128/AEM.01237-21,1,A478V,2,LB,2
10.1128/AEM.01237-21,1,A478V,2,SMMAsn,1
10.1128/AEM.01237-21,1,A478V,3,LB,3
10.1128/AEM.01237-21,1,A478V,3,SMMAsn,1
10.1128/AEM.01237-21,1,H482D,1,LB,0
10.1128/AEM.01237-21,1,H482D,1,SMMAsn,0
10.1128/AEM.01237-21,1,H482D,2,LB,0
10.1128/AEM.01237-21,1,H482D,2,SMMAsn,1
10.1128/AEM.01237-21,1,H482D,3,LB,1
10.1128/AEM.01237-21,1,H482D,3,SMMAsn,0
10.1128/AEM.01237-21,1,H482P,1,LB,0
10.1128/AEM.01237-21,1,H482P,1,SMMAsn,0
10.1128/AEM.01237-21,1,H482P,2,LB,0
10.1128/AEM.01237-21,1,H482P,2,SMMAsn,0
10.1128/AEM.01237-21,1,H482P,3,LB,1
10.1128/AEM.01237-21,1,H482P,3,SMMAsn,0
10.1128/AEM.01237-21,1,H482N,1,LB,1
10.1128/AEM.01237-21,1,H482N,1,SMMAsn,0
10.1128/AEM.01237-21,1,H482N,2,LB,0
10.1128/AEM.01237-21,1,H482N,2,SMMAsn,1
10.1128/AEM.01237-21,1,H482N,3,LB,2
10.1128/AEM.01237-21,1,H482N,3,SMMAsn,0
10.1128/AEM.01237-21,1,H482R,1,LB,2
10.1128/AEM.01237-21,1,H482R,1,SMMAsn,0
10.1128/AEM.01237-21,1,H482R,2,LB,1
10.1128/AEM.01237-21,1,H482R,2,SMMAsn,0
10.1128/AEM.01237-21,1,H482R,3,LB,2
10.1128/AEM.01237-21,1,H482R,3,SMMAsn,0
10.1128/AEM.01237-21,1,H482Y,1,LB,10
10.1128/AEM.01237-21,1,H482Y,1,SMMAsn,6
10.1128/AEM.01237-21,1,H482Y,2,LB,11
10.1128/AEM.01237-21,1,H482Y,2,SMMAsn,4
10.1128/AEM.01237-21,1,H482Y,3,LB,6
10.1128/AEM.01237-21,1,H482Y,3,SMMAsn,4
10.1128/AEM.01237-21,1,S487L,1,LB,2
10.1128/AEM.01237-21,1,S487L,1,SMMAsn,8
10.1128/AEM.01237-21,1,S487L,2,LB,2
10.1128/AEM.01237-21,1,S487L,2,SMMAsn,8
10.1128/AEM.01237-21,1,S487L,3,LB,0
10.1128/AEM.01237-21,1,S487L,3,SMMAsn,8
10.1128/AEM.01237-21,1,No mutation found,1,LB,1
10.1128/AEM.01237-21,1,No mutation found,1,SMMAsn,1
10.1128/AEM.01237-21,1,No mutation found,2,LB,2
10.1128/AEM.01237-21,1,No mutation found,2,SMMAsn,0
10.1128/AEM.01237-21,1,No mutation found,3,LB,2
10.1128/AEM.01237-21,1,No mutation found,3,SMMAsn,0
10.1128/AEM.01237-21,1,Other,1,LB,1
10.1128/AEM.01237-21,1,Other,1,SMMAsn,0
10.1128/AEM.01237-21,1,Other,2,LB,0
10.1128/AEM.01237-21,1,Other,2,SMMAsn,0
10.1128/AEM.01237-21,1,Other,3,LB,0
10.1128/AEM.01237-21,1,Other,3,SMMAsn,0
