replicate_id,context,time,event,route,provenance
0,fast,0.6213593768194811,1,A,synthetic
1,fast,0.3676272620106341,1,A,synthetic
2,fast,2.7253383204999597,1,A,synthetic
3,fast,1.6291165107831063,1,B,synthetic
4,fast,0.027174730248129032,1,A,synthetic
5,fast,0.19523771546076427,1,A,synthetic
6,fast,0.4711454436750114,1,A,synthetic
7,fast,2.7291841117432036,0,,synthetic
8,fast,0.006879053414508311,1,A,synthetic
9,fast,0.7172999564251226,1,A,synthetic
10,fast,1.7595460747165013,1,B,synthetic
11,fast,0.4299276569124338,1,A,synthetic
12,fast,0.15786322730288904,1,A,synthetic
13,fast,0.5015591876657584,1,A,synthetic
14,fast,0.7609869521179958,1,A,synthetic
15,fast,0.39635782707670647,1,A,synthetic
16,fast,0.30689593736603976,1,B,synthetic
17,fast,0.4509064724802127,1,A,synthetic
18,fast,2.701035302035453,1,B,synthetic
19,fast,1.80118898396246,1,B,synthetic
20,fast,1.0947939168203131,1,A,synthetic
21,fast,0.31875088617174324,1,A,synthetic
22,fast,0.035783200835517406,1,A,synthetic
23,fast,0.0766550319271611,1,A,synthetic
24,fast,0.045895054906226675,1,A,synthetic
25,fast,1.4894072333735104,1,B,synthetic
26,fast,1.407817387059858,1,B,synthetic
27,fast,1.0537125232771283,1,B,synthetic
28,fast,1.426635102888882,1,A,synthetic
29,fast,0.06605973021228669,1,A,synthetic
30,fast,0.18688600953091214,1,A,synthetic
31,fast,0.5048895623267168,1,A,synthetic
32,fast,2.972006036441064,1,B,synthetic
33,fast,2.4912861147564307,1,A,synthetic
34,fast,1.4516283495577968,1,B,synthetic
35,fast,0.4992729565654064,1,A,synthetic
36,fast,0.03378929747501384,1,B,synthetic
37,fast,0.09274630611582513,1,A,synthetic
38,fast,0.26501203753236136,1,A,synthetic
39,fast,0.7554481583106936,1,A,synthetic
40,fast,0.540545004372831,1,A,synthetic
41,fast,0.2672837254894274,1,A,synthetic
42,fast,2.326765258858572,1,B,synthetic
43,fast,0.203076592676147,1,A,synthetic
44,fast,0.952861828797656,1,A,synthetic
45,fast,0.7619151375250028,1,A,synthetic
46,fast,1.1282062604330312,1,B,synthetic
47,fast,0.003293713321319837,1,A,synthetic
48,fast,0.505129879413657,1,A,synthetic
49,fast,0.22488692195155166,1,A,synthetic
50,fast,0.5347383404384333,1,A,synthetic
51,fast,0.7057080211884197,1,A,synthetic
52,fast,1.48816871328342,1,B,synthetic
53,fast,1.6479738487810691,1,B,synthetic
54,fast,0.8558166216957085,1,A,synthetic
55,fast,0.12193761178498089,1,A,synthetic
56,fast,1.7020389791457498,1,B,synthetic
57,fast,2.382194639780378,1,B,synthetic
58,fast,1.7004123915705813,1,B,synthetic
59,fast,0.41867969973952174,1,A,synthetic
60,fast,0.10319329406165727,1,A,synthetic
61,fast,1.2944984035207128,1,B,synthetic
62,fast,3.8187369492001864,0,,synthetic
63,fast,0.0996255455299854,1,A,synthetic
64,fast,0.9434470516619181,1,A,synthetic
65,fast,0.4287868646332636,1,A,synthetic
66,fast,1.9327987459978369,1,B,synthetic
67,fast,0.43621719745252474,1,A,synthetic
68,fast,1.83267023873008,1,B,synthetic
69,fast,1.1560056846893911,1,B,synthetic
70,fast,0.809480624545174,1,B,synthetic
71,fast,0.9432298877200284,1,A,synthetic
72,fast,0.10834483691916835,1,A,synthetic
73,fast,0.3707949969225143,1,A,synthetic
74,fast,0.24918260300563094,1,A,synthetic
75,fast,0.71705198760404,1,A,synthetic
76,fast,1.3913198492567465,1,B,synthetic
77,fast,0.23927329270603304,1,A,synthetic
78,fast,0.43881372573019833,1,A,synthetic
79,fast,1.5867939925457617,1,B,synthetic
80,fast,2.7662953527297476,1,A,synthetic
81,fast,0.30554977761717916,1,A,synthetic
82,fast,2.03736197137032,1,B,synthetic
83,fast,0.4568850584917891,1,A,synthetic
84,fast,0.09051658092453545,1,A,synthetic
85,fast,0.14002828618300991,1,A,synthetic
86,fast,3.3800295976163794,1,B,synthetic
87,fast,0.7828349772911013,1,A,synthetic
88,fast,0.19107484452124746,1,A,synthetic
89,fast,0.9195827962488364,1,A,synthetic
90,fast,0.2946105304399113,1,A,synthetic
91,fast,0.589943861472251,1,A,synthetic
92,fast,0.8564747033506541,1,B,synthetic
93,fast,0.04695460199083488,1,A,synthetic
94,fast,1.6037281330549564,1,B,synthetic
95,fast,0.9613002576316285,1,A,synthetic
96,fast,0.05137694593232984,1,A,synthetic
97,fast,0.9887651066275572,1,A,synthetic
98,fast,1.078668512589438,1,B,synthetic
99,fast,0.02909833572018781,1,A,synthetic
100,fast,1.1491584176764242,1,B,synthetic
101,fast,1.073065552105013,1,B,synthetic
102,fast,0.5014572159077246,1,A,synthetic
103,fast,0.3261263007977677,1,A,synthetic
104,fast,2.0346789517987096,1,B,synthetic
105,fast,2.0815983897004955,0,,synthetic
106,fast,0.2897390975426516,1,A,synthetic
107,fast,0.19346925949676816,1,A,synthetic
108,fast,0.9738064640023608,1,A,synthetic
109,fast,2.6704920317360283,0,,synthetic
110,fast,0.2926620933830817,1,A,synthetic
111,fast,0.7889431691148363,1,A,synthetic
112,fast,0.6911072035819833,1,A,synthetic
113,fast,0.7305158596884433,1,A,synthetic
114,fast,0.07043835025579612,1,A,synthetic
115,fast,0.1621391339526719,1,A,synthetic
116,fast,0.45847930484519095,1,A,synthetic
117,fast,0.29959924940819066,1,A,synthetic
118,fast,0.8177619012132468,1,A,synthetic
119,fast,2.3303306491177738,1,B,synthetic
120,slow,2.8582477763760865,0,,synthetic
121,slow,0.11675010432136496,1,B,synthetic
122,slow,1.7129588015498016,1,B,synthetic
123,slow,2.0173499166836626,1,B,synthetic
124,slow,0.5853896483739289,1,B,synthetic
125,slow,1.9226837531504237,1,B,synthetic
126,slow,1.2558735981035134,1,B,synthetic
127,slow,0.24347020746179146,1,A,synthetic
128,slow,0.9748393015427222,1,A,synthetic
129,slow,3.8836457871113836,0,,synthetic
130,slow,3.6576886290298405,1,B,synthetic
131,slow,0.5497551606614404,1,A,synthetic
132,slow,0.4790660692771378,1,A,synthetic
133,slow,1.062845003749004,1,B,synthetic
134,slow,0.14864609441680002,1,A,synthetic
135,slow,0.43628423795436705,1,A,synthetic
136,slow,0.3637629122239656,1,B,synthetic
137,slow,0.1630526538878283,1,B,synthetic
138,slow,1.0843660023515636,1,B,synthetic
139,slow,1.2159564447609519,1,B,synthetic
140,slow,1.4464254360495779,1,B,synthetic
141,slow,0.6953316059000398,1,A,synthetic
142,slow,0.25730951632267085,1,A,synthetic
143,slow,0.35606401100444357,1,A,synthetic
144,slow,0.632839288298151,1,B,synthetic
145,slow,0.8850858749075244,1,A,synthetic
146,slow,0.4628017103832024,1,A,synthetic
147,slow,0.2288637259623302,1,A,synthetic
148,slow,0.8243271209807226,1,A,synthetic
149,slow,1.2319938910072776,1,B,synthetic
150,slow,0.07094793926769047,1,A,synthetic
151,slow,1.0454218453167008,1,A,synthetic
152,slow,0.48968437985220475,1,A,synthetic
153,slow,0.253385803430604,1,A,synthetic
154,slow,2.396178436160192,1,B,synthetic
155,slow,0.5908738693426066,1,A,synthetic
156,slow,0.5247695028716529,1,A,synthetic
157,slow,0.12993878497214284,1,A,synthetic
158,slow,0.07032429191175964,1,A,synthetic
159,slow,0.8542508292648646,1,A,synthetic
160,slow,0.6733334836578627,1,A,synthetic
161,slow,0.4787931405276814,1,A,synthetic
162,slow,2.479510916155091,0,,synthetic
163,slow,0.31227724347651087,1,A,synthetic
164,slow,0.06771147168968208,1,A,synthetic
165,slow,2.605722650280129,0,,synthetic
166,slow,0.155815894624761,1,A,synthetic
167,slow,0.5469794806912901,1,A,synthetic
168,slow,3.5303369255773163,1,B,synthetic
169,slow,0.45235678470572516,1,A,synthetic
170,slow,2.3387327259666315,1,B,synthetic
171,slow,1.2853738400900139,1,B,synthetic
172,slow,1.7841690961795256,1,B,synthetic
173,slow,1.1000216683666966,1,B,synthetic
174,slow,2.4884993436933103,1,B,synthetic
175,slow,0.30927584461878466,1,A,synthetic
176,slow,1.037426084835678,1,B,synthetic
177,slow,1.4428480259108165,1,B,synthetic
178,slow,2.193286548449796,0,,synthetic
179,slow,1.3229546336313425,1,A,synthetic
180,slow,0.5528655758136408,1,A,synthetic
181,slow,0.24262282468361795,1,A,synthetic
182,slow,0.6714842449672945,1,A,synthetic
183,slow,0.37157827081583183,1,A,synthetic
184,slow,0.41975904214727205,1,A,synthetic
185,slow,1.4043211266412052,1,B,synthetic
186,slow,1.100224727214217,1,B,synthetic
187,slow,0.8629029254967358,1,A,synthetic
188,slow,0.12028973259785361,1,A,synthetic
189,slow,1.3037629972335019,1,B,synthetic
190,slow,0.3372715179525599,1,A,synthetic
191,slow,0.010936156062032019,1,A,synthetic
192,slow,0.42992794309423715,1,A,synthetic
193,slow,1.7251746880019734,1,B,synthetic
194,slow,0.5984886185991164,1,A,synthetic
195,slow,0.1309293588190248,1,A,synthetic
196,slow,2.5201115439727575,1,B,synthetic
197,slow,1.912405356903299,1,B,synthetic
198,slow,0.4712458254008937,1,A,synthetic
199,slow,0.2990874365264576,1,B,synthetic
200,slow,0.5601536026831218,1,A,synthetic
201,slow,1.095219379948679,1,B,synthetic
202,slow,0.6399378274407941,1,A,synthetic
203,slow,0.6755701514466358,1,A,synthetic
204,slow,0.09133761614820911,1,A,synthetic
205,slow,0.39603276306334917,1,A,synthetic
206,slow,0.12019031863708675,1,B,synthetic
207,slow,1.1760776867768366,1,B,synthetic
208,slow,1.5357660384252774,1,A,synthetic
209,slow,1.166895354117045,1,B,synthetic
210,slow,0.8073420205758105,1,A,synthetic
211,slow,0.9555941838788427,1,A,synthetic
212,slow,4.015770757206641,1,A,synthetic
213,slow,0.18033156941073758,1,A,synthetic
214,slow,0.6721149296713917,1,A,synthetic
215,slow,1.4247263984871796,1,B,synthetic
216,slow,2.0103956914732137,1,B,synthetic
217,slow,2.6729210469007523,0,,synthetic
218,slow,0.08398388335631361,1,A,synthetic
219,slow,0.578749964147064,1,A,synthetic
220,slow,1.3273045195821096,1,B,synthetic
221,slow,1.1670536556930204,1,B,synthetic
222,slow,0.8350795267790732,1,A,synthetic
223,slow,0.933391047537357,1,B,synthetic
224,slow,0.3286802883133749,1,B,synthetic
225,slow,0.7788101475120337,1,A,synthetic
226,slow,0.24668752363977103,1,B,synthetic
227,slow,1.9536989533790456,1,B,synthetic
228,slow,3.3455080861248763,1,B,synthetic
229,slow,0.12187841301438225,1,A,synthetic
230,slow,0.9055004535905983,1,A,synthetic
231,slow,1.3573705168264851,1,B,synthetic
232,slow,1.1391870471620407,1,B,synthetic
233,slow,0.7611098279126034,1,A,synthetic
234,slow,1.6217521089472455,1,B,synthetic
235,slow,2.8448901361294245,1,A,synthetic
236,slow,0.2622055153696274,1,A,synthetic
237,slow,0.22215069600181833,1,A,synthetic
238,slow,0.03306179689785813,1,A,synthetic
239,slow,0.05241348228101248,1,A,synthetic
