row_id,study,doi,measurement_unit,route,background,context,reported_n,reported_n_meaning,reported_mutation_rate,matched_baseline_counts,matched_selected_route_counts,fixed_route_control_introduced,fixed_route_control_recovered,eligible_for_matched_tmd_panel,eligible_use,reason,source_locators,provenance
L2019_spectrum_Wsp,lind2019,10.7554/eLife.38822,one sampled WS isolate per independent culture by protocol,Wsp,PBR721 Δaws Δmws + pMSC,"SBW25 derivatives; KB, 28°C; shaken 200 rpm 16–19 h, kanamycin recovery",46,sequenced within-pathway mutant sample; not competing-route winners,,,,,,False,within-pathway mutation-spectrum analysis,Other two focal pathways were deleted; do not normalize the 46/41/18 sample sizes into a common-background route distribution.,"[""s2-4"", ""fig6"", ""fig8"", ""s4-2"", ""s4-3""]",primary_article_derived_audit; not newly collected data
L2019_rate_Wsp,lind2019,10.7554/eLife.38822,fluctuation-test culture,Wsp,PBR721 Δaws Δmws + pMSC,"SBW25 derivatives; KB, 28°C; shaken 200 rpm 16–19 h, kanamycin recovery",200,Figure 2 reported fluctuation-test replicate count; distinct from sequenced-mutant sample size,3.7e-09,,,,,False,background-specific mutation-rate estimate,Rate was measured in a pathway-isolated reporter background; not a matched route-multinomial baseline count or a fixed-route recovery-control denominator.,"[""s2-1"", ""fig2"", ""s4-2""]",primary_article_derived_audit; not newly collected data
L2019_spectrum_Aws,lind2019,10.7554/eLife.38822,one sampled WS isolate per independent culture by protocol,Aws,PBR713 Δwsp Δmws + pMSC,"SBW25 derivatives; KB, 28°C; shaken 200 rpm 16–19 h, kanamycin recovery",41,sequenced within-pathway mutant sample; not competing-route winners,,,,,,False,within-pathway mutation-spectrum analysis,Other two focal pathways were deleted; do not normalize the 46/41/18 sample sizes into a common-background route distribution.,"[""s2-4"", ""fig6"", ""fig8"", ""s4-2"", ""s4-3""]",primary_article_derived_audit; not newly collected data
L2019_rate_Aws,lind2019,10.7554/eLife.38822,fluctuation-test culture,Aws,PBR713 Δwsp Δmws + pMSC,"SBW25 derivatives; KB, 28°C; shaken 200 rpm 16–19 h, kanamycin recovery",200,Figure 2 reported fluctuation-test replicate count; distinct from sequenced-mutant sample size,6.5e-09,,,,,False,background-specific mutation-rate estimate,Rate was measured in a pathway-isolated reporter background; not a matched route-multinomial baseline count or a fixed-route recovery-control denominator.,"[""s2-1"", ""fig2"", ""s4-2""]",primary_article_derived_audit; not newly collected data
L2019_spectrum_Mws,lind2019,10.7554/eLife.38822,one sampled WS isolate per independent culture by protocol,Mws,PBR712 Δwsp Δaws + pMSC,"SBW25 derivatives; KB, 28°C; shaken 200 rpm 16–19 h, kanamycin recovery",18,sequenced within-pathway mutant sample; not competing-route winners,,,,,,False,within-pathway mutation-spectrum analysis,Other two focal pathways were deleted; do not normalize the 46/41/18 sample sizes into a common-background route distribution.,"[""s2-4"", ""fig6"", ""fig8"", ""s4-2"", ""s4-3""]",primary_article_derived_audit; not newly collected data
L2019_rate_Mws,lind2019,10.7554/eLife.38822,fluctuation-test culture,Mws,PBR712 Δwsp Δaws + pMSC,"SBW25 derivatives; KB, 28°C; shaken 200 rpm 16–19 h, kanamycin recovery",400,Figure 2 reported fluctuation-test replicate count; distinct from sequenced-mutant sample size,7.4e-10,,,,,False,background-specific mutation-rate estimate,Rate was measured in a pathway-isolated reporter background; not a matched route-multinomial baseline count or a fixed-route recovery-control denominator.,"[""s2-1"", ""fig2"", ""s4-2""]",primary_article_derived_audit; not newly collected data
L2019_rare_aggregate,lind2019,10.7554/eLife.38822,mutant aggregate,Other: PFLU0085/PFLU0183,Per-isolate and pathway-background allocation not specified in inspected aggregate,"SBW25 derivatives; KB, 28°C; shaken 200 rpm 16–19 h, kanamycin recovery",4,author-reported remaining rare-pathway mutants among 109; per-pathway allocation unavailable,,,,,,False,article-authenticated rare-mutant aggregate,The primary article authenticates four rare mutants but does not make the mixed-background aggregate a common race or supply per-isolate allocation.,"[""s2-4""]",primary_article_derived_audit; not newly collected data
L2019_preselection_aggregate,lind2019,10.7554/eLife.38822,mutants collected during fluctuation assays,Wsp/Aws/Mws/rare,mixed pathway-isolated assay backgrounds; do not infer rowwise allocation for rare mutants,"SBW25 derivatives; KB, 28°C; shaken 200 rpm 16–19 h, kanamycin recovery",109,"105 focal mutants + 4 rare mutants; overlapping aggregate, not extra replication",,,,,,False,sampling inventory only,Aggregation combines different assay backgrounds; the count is not a selected competing-route denominator.,"[""s2-4"", ""fig8"", ""s4-2""]",primary_article_derived_audit; not newly collected data
L2019_WT_total_rate,lind2019,10.7554/eLife.38822,fluctuation-test culture,all routes combined,"SBW25 ancestral genotype, all three focal pathways intact, + pMSC","SBW25 derivatives; KB, 28°C; shaken 200 rpm 16–19 h, kanamycin recovery",100,Figure 2 reported WT fluctuation-test replicate count,1.12e-08,,,,,False,total reporter-based mutation-rate estimate,The common-background total rate is not route-resolved q or a selected-route distribution; only this assay context is documented.,"[""s2-1"", ""fig2"", ""s4-2""]",primary_article_derived_audit; not newly collected data
L2019_selected_historical_comparison,lind2019,10.7554/eLife.38822,previously published selected isolates,Wsp fraction reported as 15/24,earlier experiment; original selected data not acquired in this audit,original static experimental evolution referenced to McDonald et al. 2009,24,denominator of Wsp 15/24 comparison in s2-7; do not reconstruct a complete triad,,,,,,False,historical selected-comparison pointer,"The inspected text compares to prior selected results, rather than supplying a newly matched full selected panel with common-background supply and recovery controls.","[""s2-7"", ""fig8""]",primary_article_derived_audit; not newly collected data
L2019_fitness_competitions,lind2019,10.7554/eLife.38822,independently inoculated pairwise competition microcosm,representative Wsp/Aws/Mws mutants,WS mutants and GFP WspF ΔT226-G275 reference; correction competitions for marker/deletion/reporter costs,"KB static growth, 28°C, 24 h; 1:1 initial mixture",4,quadruplicates per strain; total exported rows and successful replicates unverified,,,,,,False,competitive-performance measurement,"Before/after strain ratios, selection coefficients and marker/background controls do not supply one binary recovery per introduced fixed-route unit. Two >5% smooth-colony cases were excluded; workbook rows unavailable.","[""s2-8"", ""fig9"", ""s4-4"", ""fig9sdata1""]",primary_article_derived_audit; not newly collected data
S2023_aws_reuse,sun2023,10.1099/mic.0.001323,prior experimental aws mutant occurrences,Aws only,inherits Lind 2019 pathway-isolated Aws reporter assay; no new common-background panel,prior fluctuation experiment; context inherited from Lind 2019,41,"Table 3 total; same empirical collection as Lind Aws, not 41 new trials",,,,,,False,mutation-rate-distribution calibration evidence,Methods explicitly reuses published experiments; Table 3 cannot count as independent replication or new selected route outcomes.,"[""s2-2"", ""s6"", ""s8-3"", ""T3"", ""R21""]",primary_article_derived_audit; not newly collected data
S2023_GPM_estimates,sun2023,10.1099/mic.0.001323,estimated possible mutations,16 genes grouped into pathways,model of P. fluorescens SBW25 genotype-to-phenotype map,illustrative incomplete empirical/molecular-function model,500,"estimated possible mutation targets, not observed isolates or culture trials",,,,,,False,illustrative target-size model,Authors explicitly say these estimates are not the true number of WS mutations per gene; do not turn 500 potential targets into observed counts.,"[""s2-2"", ""s8-2"", ""T2""]",primary_article_derived_audit; not newly collected data
S2023_numerical_experiments,sun2023,10.1099/mic.0.001323,simulated random draws and numerical replicates,modelled mutation categories,numerical model; no experimental common-background outcome panel,"Python completion, estimation, repeatability experiments",,numerical replication is not new biological replication,,,,,,False,simulation/model-method evidence,"Independent random mutation draws are a numerical assumption, not authenticated culture or binary-recovery observations.","[""s6"", ""s7""]",primary_article_derived_audit; not newly collected data
