study,component,required_fields,admissibility_requirement,authenticated_status,missing_measurement_status,absent_value_encoding,inspected_scope,evidence_locators
lind2019,common_background,"[""strain_id"", ""ancestor_id"", ""genotype"", ""reporter"", ""route_availability"", ""context_id""]",All competing routes available in one documented background; contexts use the declared background.,Fails for 46/41/18: double-deletion backgrounds differ by route. WT total-rate assay exists but has no route-resolved outcomes.,not_authenticated_for_matched_TMD_panel,null; never substitute 0 or synthetic data,main primary article XML; Lind source XLSX contents unavailable; referenced studies/code not acquired,"[""L:s2-1"", ""L:s4-1"", ""L:fig8"", ""S:s6"", ""S:R21""]"
sun2023,common_background,"[""strain_id"", ""ancestor_id"", ""genotype"", ""reporter"", ""route_availability"", ""context_id""]",All competing routes available in one documented background; contexts use the declared background.,No new common-background experiment; inherits Aws-only prior collection.,not_authenticated_for_matched_TMD_panel,null; never substitute 0 or synthetic data,main primary article XML; Lind source XLSX contents unavailable; referenced studies/code not acquired,"[""L:s2-1"", ""L:s4-1"", ""L:fig8"", ""S:s6"", ""S:R21""]"
lind2019,context_matched_supply,"[""context_id"", ""baseline_culture_id"", ""baseline_counts_W_A_M"", ""mutation_assay_units"", ""division_or_opportunity_denominator"", ""uncertainty"", ""hotspot_repair_time_metadata""]",Independent validated route-probability calibration in every selected context; retain q uncertainty and measurement units.,Background-specific rates exist in shaken KB; selected competition is static KB. No matched common-background route-multinomial baseline across contexts is authenticated.,not_authenticated_for_matched_TMD_panel,null; never substitute 0 or synthetic data,main primary article XML; Lind source XLSX contents unavailable; referenced studies/code not acquired,"[""L:s2-1"", ""L:s4-2"", ""L:s4-4"", ""S:s3-10"", ""S:s8-3""]"
sun2023,context_matched_supply,"[""context_id"", ""baseline_culture_id"", ""baseline_counts_W_A_M"", ""mutation_assay_units"", ""division_or_opportunity_denominator"", ""uncertainty"", ""hotspot_repair_time_metadata""]",Independent validated route-probability calibration in every selected context; retain q uncertainty and measurement units.,Uses assumed average rate and calibrated distribution plus reused Aws spectrum; these are not measured q for independent contexts.,not_authenticated_for_matched_TMD_panel,null; never substitute 0 or synthetic data,main primary article XML; Lind source XLSX contents unavailable; referenced studies/code not acquired,"[""L:s2-1"", ""L:s4-2"", ""L:s4-4"", ""S:s3-10"", ""S:s8-3""]"
lind2019,selected_route_counts,"[""context_id"", ""culture_id"", ""outcome_rule"", ""route_W_A_M_Other"", ""selected_counts"", ""eligible_denominator"", ""missingness_exclusions"", ""ascertainment""]",Lock mutually exclusive route/outcome rules and exact common-background denominators; keep Other or declare conditional triad.,46/41/18 are preselection spectra; the selected comparison refers to earlier work. No new matched full selected-route collection is authenticated here.,not_authenticated_for_matched_TMD_panel,null; never substitute 0 or synthetic data,main primary article XML; Lind source XLSX contents unavailable; referenced studies/code not acquired,"[""L:s2-4"", ""L:s2-7"", ""L:fig8"", ""S:s6""]"
sun2023,selected_route_counts,"[""context_id"", ""culture_id"", ""outcome_rule"", ""route_W_A_M_Other"", ""selected_counts"", ""eligible_denominator"", ""missingness_exclusions"", ""ascertainment""]",Lock mutually exclusive route/outcome rules and exact common-background denominators; keep Other or declare conditional triad.,No new selected biological collection reported; simulations and reused Table 3 do not provide selected counts.,not_authenticated_for_matched_TMD_panel,null; never substitute 0 or synthetic data,main primary article XML; Lind source XLSX contents unavailable; referenced studies/code not acquired,"[""L:s2-4"", ""L:s2-7"", ""L:fig8"", ""S:s6""]"
lind2019,independent_culture_lineage,"[""founding_culture_id"", ""isolate_id"", ""lineage_id"", ""batch_id"", ""plate_well_id"", ""mutation_step"", ""immediate_ancestor_id"", ""replicate_type"", ""collection_reuse_id""]","Identify independent founding cultures, grouping and prior reuse; preserve dependent units during holdout.",Methods supports one random isolate per independent culture and independent competition quadruplicates; culture/batch/well joins and exported completeness remain unverified because XLSX bytes were unavailable.,not_authenticated_for_matched_TMD_panel,null; never substitute 0 or synthetic data,main primary article XML; Lind source XLSX contents unavailable; referenced studies/code not acquired,"[""L:s4-2"", ""L:s4-4"", ""L:fig6sdata1"", ""L:fig9sdata1"", ""S:s6"", ""S:T3"", ""S:R21""]"
sun2023,independent_culture_lineage,"[""founding_culture_id"", ""isolate_id"", ""lineage_id"", ""batch_id"", ""plate_well_id"", ""mutation_step"", ""immediate_ancestor_id"", ""replicate_type"", ""collection_reuse_id""]","Identify independent founding cultures, grouping and prior reuse; preserve dependent units during holdout.",Same 41 prior Aws occurrences are reused; numerical independence assumptions do not create biological IDs or extra cultures.,not_authenticated_for_matched_TMD_panel,null; never substitute 0 or synthetic data,main primary article XML; Lind source XLSX contents unavailable; referenced studies/code not acquired,"[""L:s4-2"", ""L:s4-4"", ""L:fig6sdata1"", ""L:fig9sdata1"", ""S:s6"", ""S:T3"", ""S:R21""]"
lind2019,fixed_route_recovery_controls,"[""context_id"", ""branch_baseline_selected"", ""fixed_route_W_A_M"", ""introduced_L"", ""recovered_k"", ""exposed_unit_definition"", ""one_binary_outcome_per_unit"", ""binomial_marginal_justification"", ""control_relative_recovery_transport"", ""prespecified_mismatch_bounds""]","Six control cells per context: baseline/selected × W/A/M, each known L>0, integer 0≤k≤L and justified independent binary recovery; validate relative transfer or bounds.","Existing GFP/deletion/reporter-cost competitions correct fitness ratios. Inspected Methods supplies no fixed-route binary introduced/recovered L,k panel; culture n, viable CFU, flow counts, 1:1 ratios and sequencing totals cannot substitute. Workbook fields remain unverified.",not_authenticated_for_matched_TMD_panel,null; never substitute 0 or synthetic data,main primary article XML; Lind source XLSX contents unavailable; referenced studies/code not acquired,"[""L:s4-2"", ""L:s4-4"", ""S:s6"", ""S:s8-3""]"
sun2023,fixed_route_recovery_controls,"[""context_id"", ""branch_baseline_selected"", ""fixed_route_W_A_M"", ""introduced_L"", ""recovered_k"", ""exposed_unit_definition"", ""one_binary_outcome_per_unit"", ""binomial_marginal_justification"", ""control_relative_recovery_transport"", ""prespecified_mismatch_bounds""]","Six control cells per context: baseline/selected × W/A/M, each known L>0, integer 0≤k≤L and justified independent binary recovery; validate relative transfer or bounds.",No such new control panel in inspected article; reanalysed mutation occurrences and assumed numerical draws cannot substitute.,not_authenticated_for_matched_TMD_panel,null; never substitute 0 or synthetic data,main primary article XML; Lind source XLSX contents unavailable; referenced studies/code not acquired,"[""L:s4-2"", ""L:s4-4"", ""S:s6"", ""S:s8-3""]"
lind2019,whole_context_holdout,"[""context_id"", ""context_protocol"", ""holdout_assignment"", ""freeze_timestamp"", ""training_blocks"", ""later_block_id"", ""theta_training_rule"", ""eta_holdout_prediction_rule"", ""loss_model_stopping_rules""]",Public prospective plan specifies ≥4 conditions and ≥1 whole-context holdout; fix theta and held-out eta before selected outcomes.,Single KB-based assay setting with shaking/static branches; no prospectively frozen matched multiple-context training/holdout panel authenticated.,not_authenticated_for_matched_TMD_panel,null; never substitute 0 or synthetic data,main primary article XML; Lind source XLSX contents unavailable; referenced studies/code not acquired,"[""L:s4-1"", ""L:s4-2"", ""L:s4-4"", ""S:s6"", ""TMD:PROSPECTIVE_TEST_PLAN"", ""TMD:FORMULATION_AND_NEXT_EMPIRICAL_TEST""]"
sun2023,whole_context_holdout,"[""context_id"", ""context_protocol"", ""holdout_assignment"", ""freeze_timestamp"", ""training_blocks"", ""later_block_id"", ""theta_training_rule"", ""eta_holdout_prediction_rule"", ""loss_model_stopping_rules""]",Public prospective plan specifies ≥4 conditions and ≥1 whole-context holdout; fix theta and held-out eta before selected outcomes.,Comparative simulated pathway cases are not independent biological contexts or held-out observations.,not_authenticated_for_matched_TMD_panel,null; never substitute 0 or synthetic data,main primary article XML; Lind source XLSX contents unavailable; referenced studies/code not acquired,"[""L:s4-1"", ""L:s4-2"", ""L:s4-4"", ""S:s6"", ""TMD:PROSPECTIVE_TEST_PLAN"", ""TMD:FORMULATION_AND_NEXT_EMPIRICAL_TEST""]"
