batch_directory,day,cfu_timepoint_rows,second_plate_missing_rows,paired_count,mean_pair_Q,median_pair_Q,pairs_Q_above_4,median_absolute_relative_pair_difference
E1,0,1,1,0,,,0,
E1,1,1,1,0,,,0,
E1,2,1,1,0,,,0,
E1,3,1,1,0,,,0,
E23,0,19,2,17,6.1485923216388105,4.449735449735449,9,0.2396694214876033
E23,1,19,3,16,7.217404119340971,2.2525253957674507,7,0.1393611942273967
E23,2,19,1,18,6.663649682922913,4.014909212060636,9,0.23043647737752299
E23,3,19,2,17,5.922329034429016,2.3636363636363638,5,0.15702479338842976
E4,0,16,1,15,4.539704161540425,3.11873840445269,5,0.15213358070500926
E4,1,16,1,15,6.873858039723822,3.930817610062893,7,0.15723270440251572
E4,2,16,2,14,5.971490106140838,1.1578089905412674,4,0.12388670464575142
E4,3,16,0,16,4.372737734581088,1.0183850036049027,5,0.08605885822900963
E5,0,15,15,0,,,0,
E5,1,15,1,14,2.3816595968996133,0.3685669397374032,2,0.058653376833560256
E5,2,15,0,15,3.789944853083473,2.3333333333333335,5,0.13333333333333333
E5,3,15,4,11,1.693534615019969,0.9569377990430622,2,0.09569377990430622
E6,0,16,3,13,1.7263629038642687,1.0475059382422802,2,0.088
E6,1,16,3,13,3.365690705781301,1.617737003058104,3,0.11363636363636363
E6,2,16,16,0,,,0,
E6,3,16,4,12,6.39774743873691,2.371036074990281,4,0.13713573939052545
